0;c#
1;floating-point
2;type-conversion
3;double
4;decimal
5;html
6;css
7;internet-explorer-7
8;.net
9;datetime
10;time
11;datediff
12;relative-time-span
13;browser
14;timezone
15;user-agent
16;timezone-offset
17;math
18;linq
19;web-services
20;.net-3.5
21;mysql
22;database
23;binary-data
24;data-storage
25;performance
26;algorithm
27;language-agnostic
28;unix
29;pi
30;triggers
31;c++
32;c
33;sockets
34;mainframe
35;zos
36;arrays
37;actionscript-3
38;apache-flex
39;sql
40;sql-server
41;datatable
42;rdbms
43;vb.net
44;timer
45;php
46;plugins
47;architecture
48;hook
49;forms
50;form-submit
51;submit-button
52;mime
53;file-type
54;office-2007
55;ruby
56;rdoc
57;eclipse
58;svn
59;aptana
60;subclipse
61;air
62;flat-file
63;linux
64;winapi
65;visual-c++
66;tortoisesvn
67;branch
68;branching-and-merging
69;memory-leaks
70;com-interop
71;windows
72;64-bit
73;ascii
74;hex
75;asp.net
76;xml
77;sitemap
78;java
79;csv
80;data-conversion
81;oop
82;theory
83;sql-server-2005
84;bcp
85;xsd
86;file
87;compression
88;apache
89;logging
90;download
91;analytics
92;versioning
93;embed
94;media
95;version-control
96;printing
97;youtube
98;reverse-engineering
99;virtualhost
100;colors
101;color-space
102;internationalization
103;globalization
104;migration
105;tag-cloud
106;mailto
107;sqlite
108;scripting
109;compiler-construction
110;gtk
111;x11
112;berkeley-db
113;collaboration
114;sorting
115;dictionary
116;oracle
117;security
118;class
119;nested-class
120;types
121;python
122;string
123;cross-platform
124;email
125;email-spam
126;generics
127;warnings
128;casting
129;type-safety
130;search
131;lucene
132;ios
133;objective-c
134;landscape
135;com
136;vb6
137;internet-explorer
138;windows-mobile
139;pocketpc
140;ruby-on-rails
141;http
142;macos
143;fonts
144;photoshop
145;winforms
146;data-binding
147;image
148;pdf
149;crash
150;continuous-integration
151;extreme-programming
152;authentication
153;article
154;unit-testing
155;testing
156;medium-trust
157;integer
158;int
159;deployment
160;release-management
161;exchange-server
162;webdav
163;mapi
164;cx-oracle
165;random
166;visual-studio
167;compatibility
168;windows-nt
169;primes
170;lambda
171;proc
172;iis
173;active-directory
174;encryption
175;passwords
176;iteration
177;odbc
178;db2
179;ibm-midrange
180;embedded-database
181;oledb
182;legacy
183;visual-foxpro
184;django
185;views
186;format
187;title-case
188;reflection
189;date
190;postgresql
191;bpgsql
192;linear-algebra
193;system
194;linear-equation
195;asp-classic
196;sftp
197;registry
198;installation
199;left-join
200;msbuild
201;cruisecontrol.net
202;javascript
203;xslt
204;documentation
205;sandcastle
206;xml-comments
207;git
208;variables
209;pass-by-reference
210;pass-by-value
211;debugging
212;phpstorm
213;xdebug
214;unicode
215;localization
216;text
217;windows-server-2003
218;loops
219;connection
220;escaping
221;exception
222;exception-handling
223;methods
224;monkeypatching
225;vi
226;ip
227;lookup
228;country
229;flash
230;adobe
231;macromedia
232;file-locking
233;regex
234;indexing
235;full-text-search
236;opengl
237;3d
238;directx
239;multithreading
240;memory
241;size
242;artificial-intelligence
243;naivebayes
244;try-catch
245;database-indexes
246;chm
247;winhelp
248;malloc
249;data-structures
250;graph-theory
251;open-source
252;web-applications
253;dns
254;subdomain
255;account
256;safari
257;viewstate
258;hyperlink
259;powerpoint
260;parsing
261;cvs
262;database-performance
263;xss
264;sql-injection
265;collections
266;queue
267;nant
268;io
269;filelock
270;curses
271;audio
272;rockbox
273;build-process
274;filesystems
275;utilities
276;glossary
277;nhibernate
278;orm
279;subsonic
280;parallel-processing
281;windows-server-2008
282;validation
283;xampp
284;server-configuration
285;http-authentication
286;permissions
287;parameters
288;error-handling
289;ajax
290;url
291;rest
292;address-bar
293;syntax
294;binary
295;literals
296;vim
297;emacs
298;editor
299;iphone
300;favicon
301;apple-touch-icon
302;dvcs
303;wpf
304;silverlight
305;polymorphism
306;dependency-properties
307;shell
308;command-line
309;terminal
310;sql-server-2008
311;xfdl
312;projects-and-solutions
313;podcast
314;statistics
315;spss
316;profile
317;application-integration
318;resources
319;protocol-buffers
320;html-parsing
321;preg-replace
322;ternary-operator
323;mouse
324;image-processing
325;platform-specific
326;anchor
327;quotes
328;import
329;maps
330;mapping
331;latitude-longitude
332;asp.net-mvc
333;linq-to-sql
334;datacontext
335;stored-procedures
336;cpu
337;throttling
338;list
339;tuples
340;macros
341;lisp
342;delphi
343;dll
344;tdd
345;rss
346;design-patterns
347;model-view-controller
348;user-interface
349;mvp
350;coldfusion
351;code-coverage
352;checkbox
353;optimization
354;frameworks
355;.net-2.0
356;clr
357;swing
358;jbutton
359;web-controls
360;master-pages
361;bdd
362;build-automation
363;cairngorm
364;interop
365;dataset
366;url-rewriting
367;url-routing
368;rewrite
369;contribute
370;vbscript
371;ftp
372;webserver
373;ftplib
374;asp.net-ajax
375;textwrangler
376;keyboard-shortcuts
377;haskell
378;functional-programming
379;monads
380;struct
381;binaryfiles
382;sql-server-2000
383;agile
384;binary-search-tree
385;concurrency
386;progressive-enhancement
387;database-design
388;diagram
389;visual-studio-2008
390;obfuscation
391;treeview
392;contextmenu
393;autocomplete
394;graph
395;video
396;payment
397;excel
398;grid
399;clipboard
400;powershell
401;cmdlets
402;tsql
403;split
404;group-by
405;templates
406;bash
407;ksh
408;dash-shell
409;ide
410;erlang
411;setter
412;getter
413;verification
414;keyboard
415;shortcuts
416;user-controls
417;ubuntu
418;virtualization
419;xen
420;date-conversion
421;ado.net
422;memory-management
423;null
424;mono
425;google-maps
426;google-maps-api-3
427;gis
428;picturebox
429;formatting
430;for-xml
431;curl
432;paging
433;printf
434;format-specifiers
435;long-long
436;web-scraping
437;html-content-extraction
438;marshalling
439;popup
440;p2p
441;jxta
442;tkinter
443;rgb
444;hsl
445;ocr
446;modi
447;indexing-service
448;cracking
449;tree
450;computer-science
451;nslookup
452;dynamic-data
453;recursion
454;usability
455;captcha
456;perl
457;hash
458;each
459;office-2003
460;maintainability
461;procedural
462;interpreted-language
463;inversion-of-control
464;object
465;sharepoint
466;reference
467;scalar
468;cron
469;settings
470;teamcity
471;mbunit
472;diff
473;.htaccess
474;mod-rewrite
475;path
476;mappath
477;fogbugz
478;caching
479;midi
480;signal-processing
481;complexity-theory
482;big-o
483;service
484;reduce
485;language-design
486;foreach
487;ienumerable
488;ienumerator
489;background-color
490;mac-address
491;sql-update
492;iframe
493;ssl
494;https
495;xhtml
496;markup
497;http-referer
498;directory
499;file-management
500;rake
501;command-line-interface
502;installer
503;clickonce
504;backup
505;integration
506;upload
507;devexpress
508;onclick
509;privileges
510;stsadm
511;event-viewer
512;storage
513;blob
514;controls
515;propertygrid
516;prototyping
517;wmi
518;xelement
519;innerxml
520;replication
521;hardware
522;visual-studio-2005
523;line-numbers
524;audit
525;session
526;union
527;wix
528;vdproj
529;firefox
530;dom
531;nullpointerexception
532;illegalargumentexception
533;profiling
534;profiler
535;serial-port
536;paradigms
537;testdriven.net
538;windows-vista
539;smb
540;multilingual
541;ant
542;websphere
543;ear
544;merge
545;static-analysis
546;file-io
547;configuration
548;properties
549;content-management-system
550;graph-algorithm
551;directed-graph
552;process-management
553;tfs
554;voronoi
555;messaging
556;activemq
557;autoboxing
558;mobile
559;sms
560;hosting
561;mocking
562;business-logic-layer
563;objectdatasource
564;wcf
565;soa
566;qt
567;mfc
568;dynamic-sql
569;proxy
570;rubygems
571;ironruby
572;wsdl
573;operating-system
574;windows-xp
575;t4
576;dsl
577;vsx
578;pinvoke
579;intellisense
580;vpn
581;xming
582;header
583;etag
584;text-files
585;olap
586;delicious-api
587;tags
588;networking
589;modem
590;qos
591;adsl
592;dct
593;mercurial
594;case
595;c#-2.0
596;java-native-interface
597;java-web-start
598;moniker
599;openid
600;namespaces
601;singleton
602;vmware
603;development-environment
604;ssp
605;cluster-computing
606;reverse-dns
607;zend-studio
608;code-completion
609;xml-signature
610;ansi
611;confirm
612;events
613;button
614;primitive
615;jquery
616;cfml
617;assemblies
618;virtual
619;monitor
620;environment
621;schema
622;ddl
623;jaas
624;remoting
625;wireless
626;menu
627;joomla
628;grails
629;groovy
630;apache2
631;svn-hooks
632;matlab
633;firebird
634;interbase
635;postback
636;asmx
637;servlets
638;javascript-objects
639;semantic-markup
640;gwt
641;charts
642;reporting-services
643;logic
644;workflow
645;lifecycle
646;cmmi
647;msf
648;membership
649;comments
650;sgml
651;conventions
652;hungarian-notation
653;self-documenting-code
654;community-server
655;git-reset
656;moss
657;wss
658;purify
659;j#
660;licensing
661;product-management
662;internet-explorer-6
663;doctype
664;xcode
665;x86
666;assembly
667;informix
668;spl
669;wiki
670;utf-8
671;asp.net-mvc-routing
672;request
673;cmd
674;pointers
675;firebug
676;graphing
677;exit
678;nothing
679;inheritance
680;patch
681;ms-access
682;rcp
683;jnlp
684;backwards-compatibility
685;dnsmasq
686;n-tier-architecture
687;linker
688;visual-c++-6
689;genealogy
690;urllib
691;client-side
692;folding
693;yahoo-api
694;yahoo-maps
695;uuid
696;log4net
697;versions
698;archive
699;connection-string
700;if-statement
701;process
702;scsf
703;eclipse-3.4
704;ganymede
705;uint
706;unsigned-integer
707;cls-compliant
708;haml
709;foreign-keys
710;sybase-ase
711;outlook
712;gmail
713;icalendar
714;recurrence
715;enumeration
716;redistributable
717;radio-button
718;awk
719;aix
720;scheme
721;continuations
722;puzzle
723;covariance
724;cocoa
725;configuration-files
726;ini
727;plot
728;rule-engine
729;register-globals
730;loading
731;junit
732;testng
733;asp.net-2.0
734;icons
735;stringbuilder
736;string.format
737;gzip
738;base64
739;debian
740;scalability
741;defensive-programming
742;lua
743;add-on
744;world-of-warcraft
745;compact-framework
746;string-concatenation
747;corecon
748;code-reuse
749;construction
750;lazy-initialization
751;shader
752;mp3
753;flv
754;mp4
755;multiple-monitors
756;google-perftools
757;xna
758;skins
759;graph-layout
760;alias
761;embedded
762;cross-browser
763;rounded-corners
764;animation
765;nintendo-ds
766;extension-methods
767;resin
768;caucho
769;scrollbar
770;pop3
771;bouncedemail
772;enums
773;flags
774;geometry
775;ssh
776;private-key
777;public-key
778;applet
779;whitespace
780;line-breaks
781;turing-machines
782;turing-complete
783;refactoring
784;zip
785;components
786;autoconf
787;automake
788;selenium
789;textarea
790;prototypejs
791;stress-testing
792;webapplicationstresstool
793;pylot
794;linq-to-objects
795;stack
796;heap
797;bigdecimal
798;mathcontext
799;authorization
800;rest-security
801;sap
802;abap
803;rebuild
804;maintenance-plan
805;reorganize
806;xaml
807;ws-security
808;bit-manipulation
809;bit-shift
810;convention
811;unique
812;duplicates
813;wgs84
814;naming-conventions
815;redirect
816;symlink
817;serialization
818;encoding
819;linked-list
820;mergesort
821;msdtc
822;internet-explorer-8
823;overflow
824;swt
825;executable
826;software-distribution
827;binding
828;myeclipse
829;activerecord
830;webforms
831;inequality
832;post-commit
833;post-commit-hook
834;sysobjects
835;html-select
836;w3c
837;qstring
838;windows-services
839;graphics
840;rsync
841;interface
842;benchmarking
843;fallback
844;binary-log
845;visualsvn-server
846;crc32
847;extensibility
848;oracle9i
849;html-helper
850;pylons
851;insert
852;instrumentation
853;enterprise
854;connection-pooling
855;entourage
856;filesize
857;visual-studio-2003
858;first-chance-exception
859;repository
860;redundancy
861;jboss
862;reportingservices-2005
863;f#
864;currying
865;ram-scraping
866;command
867;procmail
868;alert
869;locking
870;spring
871;aop
872;java-me
873;render
874;virtual-machine
875;globus-toolkit
876;recycle-bin
877;numeric
878;crystal-reports
879;entity-framework
880;strtotime
881;visual-studio-2008-sp1
882;xpath
883;nodes
884;mixed
885;unhandled
886;pear
887;server-response
888;mdi
889;dashcode
890;mfc-feature-pack
891;activereports
892;applescript
893;acrobat
894;seo
895;phppgadmin
896;memcached
897;.net-1.1
898;xmlsocket
899;sysadmin
900;nic
901;metadata
902;wia
903;image-scanner
904;webcam
905;isight
906;conditional-operator
907;operator-precedence
908;emulation
909;device
910;varchar
911;hidden-features
912;drag-and-drop
913;yui
914;grep
915;bookmarklet
916;bookmarks
917;select
918;wildcard
919;enterprise-library
920;bug-tracking
921;ontime
922;file-extension
923;dependencies
924;il
925;offsite
926;perforce
927;data-manipulation
928;automatic-properties
929;static
930;monitoring
931;explorer
932;windows-shell
933;jsf
934;icefaces
935;iis-7
936;cookies
937;ilmerge
938;sql-server-2005-express
939;datagrid
940;report
941;function
942;coding-style
943;listener
944;responsive-design
945;wap
946;wml
947;openbsd
948;xinc
949;production
950;c++-cli
951;mixed-mode
952;makefile
953;directoryservices
954;distribution-list
955;svg
956;vector-graphics
957;vml
958;waveout
959;table-structure
960;visibility
961;ccombobox
962;flexbuilder
963;textmate
964;oracle-xe
965;mootools
966;erp
967;normalizing
968;ms-office
969;office-automation
970;containers
971;api
972;gps
973;pagination
974;text-parsing
975;delimited-text
976;phpunit
977;png
978;transparency
979;design-decisions
980;jaxer
981;foxpro
982;windows-ce
983;buffer
984;strtol
985;ms-word
986;openxml
987;impersonation
988;set
989;touch-typing
990;interpolation
991;bezier
992;curve
993;tnsnames
994;tns
995;dbunit
996;db2-luw
997;portability
998;lamp
999;linq-to-entities
1000;cygwin
1001;voip
1002;voice
1003;telephony
1004;ivr
1005;dynamic-binding
1006;static-binding
1007;stax
1008;webpage
1009;outputcache
1010;ptrace
1011;rpc
1012;cursors
1013;integration-testing
1014;web-site-project
1015;web-application-project
1016;adam
1017;azman
1018;cocoa-touch
1019;html-lists
1020;roman-numerals
1021;fillfactor
1022;e4x
1023;trace
1024;ikvm
1025;gnu-classpath
1026;vba
1027;user-defined-functions
1028;code-generation
1029;swig
1030;byte
1031;unsigned
1032;signed
1033;language-features
1034;readability
1035;mobile-website
1036;drawing
1037;workflow-foundation
1038;attributes
1039;xml-parsing
1040;label
1041;argotic
1042;twain
1043;webobjects
1044;numbers
1045;base-class
1046;class-members
1047;name-lookup
1048;windows-installer
1049;projects
1050;automation
1051;sharepoint-wiki
1052;dvorak
1053;qwerty
1054;cxf
1055;axis
1056;stl
1057;c++-faq
1058;adobe-indesign
1059;wiki-engine
1060;comparison
1061;fileparse
1062;efs
1063;hyper-v
1064;disk
1065;json
1066;persistence
1067;publish
1068;file-upload
1069;indentation
1070;change-management
1071;strongname
1072;sn.exe
1073;routing
1074;router
1075;nlog
1076;health-monitoring
1077;post
1078;system-integration
1079;samba
1080;crash-dumps
1081;bsod
1082;constructor
1083;delegates
1084;map
1085;module
1086;reflector
1087;n2
1088;timeline
1089;repeater
1090;porting
1091;fopen
1092;main
1093;dispose
1094;visual-sourcesafe-plugin
1095;virtualpathprovider
1096;failover
1097;session-replication
1098;webautomation
1099;common-tasks
1100;powershell-2.0
1101;atom-feed
1102;binary-tree
1103;datepart
1104;tibco
1105;ssas
1106;lxml
1107;doctest
1108;msxml
1109;share
1110;calendar
1111;acl
1112;mysqli
1113;listview
1114;gd
1115;jpeg
1116;ironpython
1117;xmldocument
1118;xmlnode
1119;xmlnodelist
1120;svn-repository
1121;location
1122;zipcode
1123;dbnull
1124;jsp
1125;tomcat
1126;denormalization
1127;infopath
1128;zend-optimizer
1129;soap
1130;value-type
1131;reference-type
1132;boxing
1133;unboxing
1134;cruisecontrol.rb
1135;struts
1136;codeigniter
1137;system.drawing
1138;estimation
1139;time-management
1140;multi-tenant
1141;scroll
1142;callstack
1143;vcl
1144;mindmapping
1145;synchronization
1146;distributed
1147;reminders
1148;gridview
1149;bootstrapping
1150;upsert
1151;case-tools
1152;pdo
1153;database-abstraction
1154;human-readable
1155;playstation-portable
1156;robotics
1157;labview
1158;graphical-language
1159;zend-framework
1160;wordpress
1161;themes
1162;resharper
1163;visualsvn
1164;ankhsvn
1165;intellij-idea
1166;backreference
1167;logfiles
1168;.net-1.0
1169;closures
1170;picasa
1171;photo-management
1172;.net-client-profile
1173;interpreter
1174;genetic-algorithm
1175;genetic-programming
1176;evolutionary-algorithm
1177;erd
1178;qa
1179;automated-tests
1180;evaluation
1181;stdin
1182;boost-graph
1183;wxwidgets
1184;mxml
1185;glut
1186;boost
1187;add-in
1188;text-processing
1189;opencv
1190;resolutions
1191;fbo
1192;batch-file
1193;textures
1194;bitmap
1195;monochrome
1196;state
1197;cg
1198;dynamics-crm
1199;scrollwheel
1200;deprecated
1201;character-properties
1202;osgi
1203;class-design
1204;class-designer
1205;glew
1206;pyobjc
1207;jit
1208;delphi-2007
1209;bit-fields
1210;nunit
1211;tabs
1212;text-editor
1213;ssrs-2008
1214;sybase
1215;abstract-class
1216;static-methods
1217;interface-design
1218;combobox
1219;urlrewriter
1220;oracle-pro-c
1221;putty
1222;console
1223;include
1224;shtml
1225;ejb-3.0
1226;dotnetnuke
1227;speech-recognition
1228;sql-server-express
1229;layout
1230;combinations
1231;np-compl
1232;ete
1233;build
1234;pdf-generation
1235;servicepacks
1236;standards
1237;procedure
1238;rendering
1239;greasemonkey
1240;watin
1241;dailybuilds
1242;out-of-memory
1243;replace
1244;ms-access-2000
1245;vsto
1246;ocaml
1247;infragistics
1248;ultrawebgrid
1249;c-preprocessor
1250;csla
1251;overhead
1252;utc
1253;data-driven
1254;scrum
1255;uml
1256;modeling
1257;c++builder
1258;consolas
1259;gdi+
1260;ilist
1261;sourceforge
1262;dojo
1263;visualization
1264;garbage-collection
1265;eol
1266;stripes
1267;yaml
1268;well-formed
1269;google-analytics
1270;google-analytics-api
1271;web-deployment-project
1272;frontend
1273;dtd
1274;virtual-pc
1275;vnc
1276;hex-editors
1277;color-scheme
1278;navigation
1279;suckerfish
1280;mediawiki
1281;message
1282;msg
1283;xquery
1284;solr
1285;ctypes
1286;python-sip
1287;styles
1288;textbox
1289;logfile-analysis
1290;trunk
1291;extends
1292;cvsnt
1293;use-case
1294;revision
1295;web-hosting
1296;cname
1297;diskspace
1298;entity
1299;street-address
1300;numerical
1301;axis2
1302;wse
1303;event-handling
1304;maven-2
1305;restore
1306;terminology
1307;server
1308;notifications
1309;dotnetopenauth
1310;locale
1311;algebraic-data-types
1312;reporting
1313;case-insensitive
1314;less-unix
1315;project-structure
1316;typelib
1317;com-hell
1318;system.io.fileinfo
1319;data-controls
1320;jvm
1321;rack
1322;configuration-management
1323;identity
1324;rfc3339
1325;disk-partitioning
1326;pascal
1327;encode
1328;test-data
1329;c++-tr2
1330;yield
1331;palm-os
1332;garnet-os
1333;codewarrior
1334;prc-tools
1335;silverlight-3.0
1336;gdb
1337;valgrind
1338;cgi
1339;blogs
1340;encapsulation
1341;friend
1342;server-side
1343;cmyk
1344;overriding
1345;metrowerks
1346;uac
1347;elevated-privileges
1348;word-wrap
1349;developer-machine
1350;websvn
1351;posix
1352;hadoop
1353;shared-nothing
1354;assert
1355;knowledge-management
1356;openssl
1357;certificate-authority
1358;install
1359;rdf
1360;sesame
1361;openrdf
1362;iwork
1363;packaging
1364;listbox
1365;activex
1366;sifr
1367;installshield
1368;coredump
1369;tcsh
1370;backport
1371;imap
1372;webbrowser-control
1373;toad
1374;usage-statistics
1375;nvelocity
1376;network-programming
1377;intermittent
1378;iis-6
1379;kernel
1380;drivers
1381;stack-trace
1382;segmentation-fault
1383;extended-properties
1384;delphi-7
1385;delphi-2006
1386;winscp
1387;web-farm
1388;nasm
1389;osdev
1390;tcl
1391;tivo
1392;firewall
1393;boolean-logic
1394;series
1395;expandometaclass
1396;email-client
1397;naming
1398;entities
1399;ui-automation
1400;window-handles
1401;gui-testing
1402;markdown
1403;viewdata
1404;viewusercontrol
1405;qtwebkit
1406;key
1407;apt
1408;business-intelligence
1409;drives
1410;pretty-print
1411;multiplatform
1412;rms
1413;winsxs
1414;menu-items
1415;pipe
1416;expression
1417;mutex
1418;iterator
1419;jsonp
1420;tray
1421;accurev
1422;matrix
1423;transpose
1424;cassini
1425;dep
1426;goto
1427;trayicon
1428;gas
1429;hgignore
1430;content-management
1431;ecm
1432;directdraw
1433;dds-format
1434;.net-attributes
1435;file-permissions
1436;referential-integrity
1437;boo
1438;desktop
1439;destructor
1440;configurationmanager
1441;inode
1442;regsvr32
1443;dllregistration
1444;jcheckbox
1445;data-access
1446;routes
1447;attachment-fu
1448;comet
1449;project-management
1450;deadlock
1451;children
1452;command-line-arguments
1453;plsql
1454;xml-serialization
1455;cil
1456;temporary-files
1457;innodb
1458;myisam
1459;ordinals
1460;antivirus
1461;mstest
1462;yellow-screen-of-death
1463;visio
1464;reportviewer
1465;reportviewer2008
1466;3des
1467;e-commerce
1468;webresource
1469;offline
1470;error-logging
1471;boot
1472;bios
1473;database-table
1474;invariants
1475;rtf
1476;exploit
1477;ssis
1478;netbeans
1479;timestamp
1480;checksum
1481;scope
1482;class-method
1483;access-specifier
1484;specman
1485;code-access-security
1486;ria
1487;stringstream
1488;red-black-tree
1489;many-to-many
1490;action
1491;bitsets
1492;code-analysis
1493;dcom
1494;data-modeling
1495;tagging
1496;jpanel
1497;netstat
1498;recovery
1499;esx
1500;redhat
1501;backupexec
1502;symantec
1503;administration
1504;model-driven
1505;actionscript
1506;db4o
1507;visual-web-developer
1508;facebook
1509;entity-relationship
1510;dependency-injection
1511;batch-processing
1512;django-models
1513;sleep
1514;folksonomy
1515;endianness
1516;shared-hosting
1517;hostmonster
1518;user-management
1519;usergroups
1520;virtual-inheritance
1521;multisampling
1522;ruby-1.9
1523;ruby-1.8
1524;transactions
1525;xtunit
1526;com+
1527;header-files
1528;uri
1529;authority
1530;iostream
1531;fstream
1532;bits
1533;gin
1534;gist-index
1535;linq-to-xml
1536;vb.net-to-c#
1537;single-sign-on
1538;semantics
1539;zemanta
1540;ms-project
1541;gantt-chart
1542;ntlm
1543;httpserver
1544;return-value
1545;nt4
1546;etl
1547;arm
1548;disassembly
1549;intranet
1550;jcifs
1551;security-zone
1552;udp
1553;broadcast
1554;x86-64
1555;word-vba
1556;push
1557;duplex
1558;doctrine
1559;propel
1560;amazon-ec2
1561;cloud
1562;updatepanel
1563;ssms
1564;kr-c
1565;c89
1566;formview
1567;amazon-web-services
1568;string-formatting
1569;rethrow
1570;tortoisecvs
1571;plink
1572;dependency-management
1573;arguments
1574;compare
1575;programming-languages
1576;terminal-services
1577;rdp
1578;xls
1579;file-format
1580;thunderbird
1581;mork
1582;platform
1583;wisa
1584;win64
1585;specs
1586;back-button
1587;microsoft-dynamics
1588;usb
1589;hid
1590;this
1591;procedural-programming
1592;prime-factoring
1593;lwuit
1594;scheduled-tasks
1595;subprocess
1596;fork
1597;gigaspaces
1598;finance
1599;md5
1600;crypt
1601;streaming
1602;trigonometry
1603;geography
1604;gac
1605;active-directory-group
1606;spell-checking
1607;product
1608;nlp
1609;program-structure
1610;bufferedimage
1611;colorize
1612;crud
1613;audit-trail
1614;autoload
1615;velocity
1616;lines-of-code
1617;image-recognition
1618;pair-programming
1619;proc-object
1620;cryptography
1621;webby
1622;castle-monorail
1623;cursor
1624;hbase
1625;hive
1626;thumbnails
1627;qitemdelegate
1628;annotations
1629;code-injection
1630;copy
1631;shoes
1632;irc
1633;dav
1634;key-events
1635;favorites
1636;web-frameworks
1637;iptc
1638;pivot
1639;passive-view
1640;architectural-patterns
1641;profanity
1642;grammar
1643;yacc
1644;boolean
1645;bitwise-operators
1646;wikipedia
1647;lwp
1648;gem
1649;rich-internet-application
1650;webex
1651;dao
1652;abstraction
1653;ooad
1654;information-hiding
1655;strategy-pattern
1656;factory-method
1657;bsd
1658;high-load
1659;ado
1660;firefox-addon
1661;asynchronous
1662;workflow-activity
1663;settimeout
1664;for-loop
1665;post-increment
1666;pre-increment
1667;gcc
1668;amazon-s3
1669;biztalk
1670;biztalk2006r2
1671;simpletest
1672;mdx
1673;java-io
1674;domain-driven-design
1675;common-lisp
1676;clisp
1677;correctness
1678;formal-methods
1679;formal-verification
1680;model-checking
1681;timeout
1682;symfony1
1683;swift-mt
1684;fckeditor
1685;friendly-url
1686;slug
1687;signals
1688;sigprocmask
1689;freetext
1690;bignum
1691;shared
1692;plugin-architecture
1693;antlr
1694;daemon
1695;shutdown
1696;pygtk
1697;sdl
1698;pygame
1699;text-extraction
1700;pdf-scraping
1701;railo
1702;execution
1703;compile-time
1704;ioctl
1705;mailing-list
1706;language-binding
1707;database-agnostic
1708;ansi-sql-92
1709;remote-server
1710;leaderboard
1711;associative-array
1712;dts
1713;mbt
1714;webkit
1715;gecko
1716;stack-overflow
1717;webui
1718;harvest
1719;vimdiff
1720;filtering
1721;forward-engineer
1722;reserved-words
1723;android
1724;overlay
1725;android-mapview
1726;resig
1727;code-snippets
1728;hibernate
1729;design-by-contract
1730;nocount
1731;multiline
1732;character-encoding
1733;wxpython
1734;directory-structure
1735;web.xml
1736;servlet-mapping
1737;c#-3.0
1738;xmlwriter
1739;timespan
1740;visual-sourcesafe
1741;design-time
1742;uitypeeditor
1743;iextenderprovider
1744;resolveurl
1745;wcf-data-services
1746;perl-module
1747;accessibility
1748;query-string
1749;qmake
1750;cruisecontrol
1751;screen-scraping
1752;fxcop
1753;metrics
1754;excel-vba
1755;bundle
1756;jvm-bytecode
1757;managed-c++
1758;google-search
1759;playstation
1760;partitioning
1761;iterable
1762;review
1763;epoll
1764;code-formatting
1765;trafficshaping
1766;buckets
1767;factory
1768;mamp
1769;microcontroller
1770;latex
1771;rights-management
1772;texnic-center
1773;undefined
1774;gradient
1775;translation
1776;pypy
1777;simulator
1778;checked-exceptions
1779;equals
1780;hashcode
1781;jmx
1782;mbeans
1783;gsm
1784;memory-dump
1785;mongrel
1786;google-sheets
1787;gs-vlookup
1788;directshow
1789;mpeg
1790;modalpopupextender
1791;temp-tables
1792;table-variable
1793;doi
1794;haversine
1795;symbols
1796;pdb-files
1797;httponly
1798;mysql-error-1111
1799;rtti
1800;dynamic-cast
1801;cuda
1802;gpu
1803;gpgpu
1804;file-organization
1805;visual-studio-2010
1806;personal-software-process
1807;jspx
1808;equation
1809;network-monitoring
1810;iif-function
1811;environment-variables
1812;export
1813;app-store
1814;paradox
1815;starteam
1816;database-connection
1817;tcptrace-pocketsoap
1818;filemaker
1819;nio
1820;bytebuffer
1821;filechannel
1822;windows-server-2000
1823;eclipse-3.2
1824;freebsd
1825;hpricot
1826;open-uri
1827;expression-studio
1828;finalize
1829;methodology
1830;requirements
1831;slickedit
1832;physics
1833;filesystemwatcher
1834;vhd
1835;couchdb
1836;mapreduce
1837;rails-activerecord
1838;named-scope
1839;spcontext
1840;applicationpage
1841;rsh
1842;specifications
1843;faults
1844;requirements-management
1845;csh
1846;capistrano
1847;simplemodal
1848;hexdump
1849;drop-down-menu
1850;dllnotfoundexception
1851;antialiasing
1852;hashmap
1853;pipeline
1854;api-design
1855;vista64
1856;gui-designer
1857;bitset
1858;taskbar
1859;wii
1860;log4j
1861;opcode-cache
1862;codedom
1863;solaris
1864;distutils
1865;clonenode
1866;office-addins
1867;synthesizer
1868;sound-synthesis
1869;managed-code
1870;javadoc
1871;ejb
1872;database-administration
1873;tcp
1874;tracking
1875;deep-copy
1876;cloning
1877;weblogic
1878;vssconverter
1879;beta
1880;launching
1881;hashchange
1882;smtp
1883;codec
1884;html-entities
1885;sqldatatypes
1886;assets
1887;2d
1888;computational-geometry
1889;ethernet
1890;drm
1891;activation
1892;menuitem
1893;seam
1894;hotfix
1895;noscript
1896;tesseract
1897;document-library
1898;terracotta
1899;jgroups
1900;user-experience
1901;feedback
1902;qtgui
1903;delphi-5
1904;resize
1905;image-scaling
1906;maven
1907;maven-metadata
1908;sax
1909;mysql-error-1062
1910;binlog
1911;versioninfo
1912;dialog
1913;system.net
1914;visual-studio-express
1915;bitarray
1916;middleware
1917;geocoding
1918;plasticscm
1919;openfiledialog
1920;contravariance
1921;diagnostics
1922;prettify
1923;embedded-resource
1924;imageicon
1925;collision-detection
1926;ubiquity
1927;response.redirect
1928;itemtemplate
1929;content-type
1930;mhtml
1931;vmware-tools
1932;jpa
1933;notification-bar
1934;duplicate-data
1935;xpo
1936;castle-windsor
1937;decompiling
1938;fortran
1939;wifi
1940;virtual-earth
1941;blender
1942;java.util.logging
1943;protection
1944;visitors
1945;nodesets
1946;nfs
1947;lockfile
1948;novell
1949;installutil
1950;camelcasing
1951;pascalcasing
1952;alpha
1953;bots
1954;stdstring
1955;widget
1956;web-crawler
1957;b-tree
1958;test-plan
1959;securityexception
1960;datarowview
1961;defaultview
1962;flickr
1963;code-search-engine
1964;trust
1965;jscrollpane
1966;jfilechooser
1967;32bit-64bit
1968;client
1969;clone
1970;nolock
1971;rollback
1972;moq
1973;rhino-mocks
1974;tiff
1975;watermark
1976;image-rotation
1977;constraints
1978;padding
1979;margin
1980;mnemonics
1981;nis
1982;predicate
1983;func
1984;tabcontrol
1985;lan
1986;wan
1987;system-restore
1988;msmq
1989;stylesheet
1990;default
1991;parameterized-unit-test
1992;dvd
1993;conditional
1994;nsenumerator
1995;onlinebanking
1996;sessiontracking
1997;cppunit
1998;rspec
1999;observer-pattern
2000;quicktime
2001;autosave
2002;pattern-recognition
2003;graphic-design
2004;forms-authentication
2005;web
2006;detours
2007;custom-server-controls
2008;commit
2009;trackback
2010;document
2011;onresize
2012;app-config
2013;radiobuttonlist
2014;sharepoint-designer
2015;notnull
2016;emptydatatext
2017;smo
2018;conflict
2019;custom-component
2020;freebase
2021;berkeley-db-xml
2022;compiled
2023;project-hosting
2024;clearcase
2025;datatipfunction
2026;mobile-phones
2027;actionlistener
2028;mouselistener
2029;xcode4
2030;xcode4.5
2031;electronics
2032;soundcard
2033;compilation
2034;scp
2035;primitive-types
2036;typography
2037;ribbon
2038;tail-recursion
2039;memory-profiling
2040;radrails
2041;xul
2042;lex
2043;crm
2044;event-binding
2045;boost-thread
2046;smalltalk
2047;dom-traversal
2048;truncate
2049;elmah
2050;noclassdeffounderror
2051;introspection
2052;port
2053;sha1
2054;virtual-functions
2055;natural-sort
2056;race-condition
2057;semaphore
2058;bho
2059;mysql-workbench
2060;mysql-error-1005
2061;css-float
2062;python-3.x
2063;libraries
2064;toolkit
2065;2d-games
2066;openid2
2067;final
2068;system-sounds
2069;appearance
2070;jrun
2071;name-mangling
2072;avr
2073;encoder
2074;atmega
2075;asp.net-membership
2076;hashtable
2077;user-input
2078;sanitization
2079;branching-strategy
2080;protocols
2081;asp.net-1.1
2082;behavior
2083;gacutil
2084;named-instance
2085;elisp
2086;verilog
2087;nosuchmethoderror
2088;expression-trees
2089;large-files
2090;dos
2091;distributed-computing
2092;hpc
2093;operators
2094;openssh
2095;common-table-expression
2096;set-theory
2097;debuggervisualizer
2098;task
2099;nvarchar
2100;drupal
2101;drupal-theming
2102;signing
2103;virtualbox
2104;mysql-management
2105;nmake
2106;class-dbi
2107;mach-o
2108;chat
2109;knapsack-problem
2110;lazy-c++
2111;suppression
2112;initializecomponent
2113;xmpp
2114;agent-based-modeling
2115;multi-agent
2116;32-bit
2117;codehighlighter
2118;geshi
2119;desktop-search
2120;fluent-interface
2121;gnome
2122;kde
2123;special-characters
2124;non-ascii-characters
2125;virus
2126;pid
2127;client-applications
2128;development-process
2129;opensearch
2130;oggvorbis
2131;autorun
2132;google-app-engine
2133;tr1
2134;unordered-map
2135;typedef
2136;subversive
2137;yaws
2138;cmusphinx
2139;voicexml
2140;entity-framework-ctp5
2141;information-retrieval
2142;wine
2143;crashrpt
2144;postgis
2145;year2038
2146;lazy-loading
2147;pdc
2148;definition
2149;svn-merge
2150;cpan
2151;allocation
2152;command-prompt
2153;google-maps-api-2
2154;scaling
2155;amazon
2156;remote-desktop
2157;phing
2158;symbian
2159;compiz
2160;lalr
2161;hostheaders
2162;nmea
2163;count
2164;mod-wsgi
2165;table-statistics
2166;advanced-queuing
2167;iphelper
2168;android-tabhost
2169;controlpanel
2170;eaccelerator
2171;corba
2172;idl
2173;tao
2174;parameter-passing
2175;variadic-functions
2176;argument-unpacking
2177;psql
2178;protected
2179;ip-address
2180;image-manipulation
2181;lucene.net
2182;sse
2183;alignment
2184;multicore
2185;portrait
2186;fax
2187;machine-learning
2188;fault-tolerance
2189;debugbreak
2190;join
2191;heap-memory
2192;msdn
2193;portable-applications
2194;perfmon
2195;duration
2196;dbf
2197;native-methods
2198;blocked
2199;codeplex
2200;include-guards
2201;eclipse-api
2202;prng
2203;sugarcrm
2204;cakephp
2205;fixture
2206;semantic-web
2207;ios-simulator
2208;nosql
2209;multimedia
2210;maintenance
2211;spring-ws
2212;constraintexception
2213;jms
2214;tooling
2215;smartclient
2216;lint
2217;splint
2218;rapidxml
2219;distributed-transactions
2220;dblink
2221;gtd
2222;java-ee-5
2223;scientific-computing
2224;color-management
2225;carbide
2226;unsafe
2227;raytracing
2228;microformats
2229;vcard
2230;hcard
2231;session-variables
2232;ora-00932
2233;boost-asio
2234;maze
2235;return
2236;sql-server-ce
2237;distributed-caching
2238;inner-join
2239;outer-join
2240;long-integer
2241;structure
2242;field
2243;entity-sql
2244;idioms
2245;wizard
2246;webclient
2247;castle
2248;spn
2249;brief-bookmarks
2250;hierarchy
2251;openoffice.org
2252;ole
2253;eclipse-pde
2254;eclipse-3.3
2255;osx-leopard
2256;wamp
2257;datasource
2258;jndi
2259;ibatis
2260;rpn
2261;resx
2262;bandwidth
2263;treenode
2264;class-library
2265;revision-history
2266;revisions
2267;outlook-vba
2268;outlook-2007
2269;filedialog
2270;ssi
2271;scanning
2272;struts2
2273;dword
2274;viewport3d
2275;mbr
2276;trusted-vs-untrusted
2277;vb6-migration
2278;control-array
2279;mediawiki-extensions
2280;sql-insert
2281;spring-aop
2282;tfs-migration
2283;tortoisehg
2284;google-chrome
2285;guid
2286;privacy
2287;where
2288;gnupg
2289;chess
2290;ieaddon
2291;normalization
2292;.htpasswd
2293;opc
2294;documentum
2295;webtop
2296;java-3d
2297;overloading
2298;jhat
2299;beta-testing
2300;ls
2301;oltp
2302;tui
2303;bonjour
2304;zeroconf
2305;mdns
2306;custom-action
2307;mount
2308;umount
2309;nfsclient
2310;reportbuilder
2311;grouping
2312;conways-game-of-life
2313;nested
2314;actionscript-2
2315;feature-driven
2316;square-bracket
2317;css-selectors
2318;addclass
2319;callcc
2320;shebang
2321;inference
2322;computability
2323;apple-developer
2324;sdlc
2325;email-integration
2326;ticket-system
2327;units-of-measurement
2328;phone-number
2329;web-ide
2330;env
2331;ocx
2332;linkedin
2333;social-media
2334;login
2335;v8
2336;stream
2337;rapi
2338;smarty
2339;fxruby
2340;time-series
2341;alphanumeric
2342;waveform
2343;self-hosting
2344;phpbb
2345;spotlight
2346;xcode3.1
2347;search-engine
2348;sfinae
2349;type-inference
2350;var
2351;blending
2352;code-organization
2353;regression
2354;data-transfer
2355;castle-activerecord
2356;dto-mapping
2357;byte-order-mark
2358;steganography
2359;macos-carbon
2360;apache-commons-fileupload
2361;tablesorter
2362;google-code
2363;compiler-theory
2364;language-theory
2365;thread-safety
2366;include-path
2367;black-box
2368;bulkinsert
2369;lightwindow
2370;proj4js
2371;proj
2372;fuzzy-search
2373;soundex
2374;sql-server-200
2375;5
2376;exif
2377;newline
2378;identicon
2379;cryptographicexception
2380;msde
2381;blogger
2382;partial-methods
2383;number-formatting
2384;cd
2385;embeddedwebserver
2386;mef
2387;http-headers
2388;dynamic-pages
2389;footer
2390;sticky-footer
2391;exe
2392;coalesce
2393;point-of-sale
2394;bytecode
2395;bcel
2396;cubes
2397;latency
2398;dead-reckoning
2399;multidimensional-array
2400;double-dispatch
2401;model
2402;client-server
2403;metalanguage
2404;dynamic-language-runtime
2405;dynamic-languages
2406;sp-send-dbmail
2407;synthesis
2408;n95
2409;dbi
2410;background
2411;out-of-band
2412;reverse-proxy
2413;p4merge
2414;web-reference
2415;ipc
2416;regex-negation
2417;spring.net
2418;bazaar
2419;external-process
2420;tapestry
2421;controller
2422;simulink
2423;xpc-target
2424;django-urls
2425;variable-types
2426;flush
2427;zsh
2428;coupling
2429;robots.txt
2430;googlebot
2431;slurp
2432;kerberos
2433;embedded-flashplayer
2434;direct3d
2435;wsgi
2436;cscope
2437;modulo
2438;jstl
2439;taglib
2440;sid
2441;string-aggregation
2442;ffmpeg
2443;version
2444;cots
2445;sendmail
2446;smarthost
2447;jta
2448;ncover
2449;rounding
2450;apache2.4
2451;python-module
2452;filezilla
2453;constants
2454;django-authentication
2455;django-users
2456;alter-table
2457;hudson
2458;sharding
2459;load-data-infile
2460;vmware-server
2461;global
2462;global-state
2463;glob
2464;javafx
2465;release
2466;ndepend
2467;esb
2468;moodle
2469;data-integrity
2470;multi-targeting
2471;jini
2472;classcastexception
2473;switch-statement
2474;artifacts
2475;scoring
2476;nullable
2477;idisposable
2478;packages
2479;lotus-notes
2480;devforce
2481;page-lifecycle
2482;line-endings
2483;sequences
2484;load-balancing
2485;autocompleteextender
2486;solution-explorer
2487;3d-engine
2488;.net-assembly
2489;typemock
2490;rfc2445
2491;rfc5545
2492;subquery
2493;sql-delete
2494;mysql-error-1093
2495;wacom
2496;inno-setup
2497;wtl
2498;tk
2499;groovyshell
2500;blackberry
2501;author
2502;quickbooks
2503;native-code
2504;release-builds
2505;debug-build
2506;element
2507;visualtreehelper
2508;visual-tree
2509;website-metrics
2510;js2-mode
2511;jface
2512;xslt-1.0
2513;mips
2514;elf
2515;dwarf
2516;mmap
2517;data-quality
2518;record-linkage
2519;updating
2520;adobe-reader
2521;email-validation
2522;runtime-error
2523;xib
2524;key-value-coding
2525;error-checking
2526;data-consistency
2527;flowchart
2528;config
2529;type-constraints
2530;ora-00942
2531;eclipse-plugin
2532;findbugs
2533;wysiwyg
2534;webchartcontrol
2535;openbd
2536;http-post
2537;http-get
2538;javamail
2539;mail-server
2540;information-management
2541;gdi
2542;limits
2543;memorystream
2544;er-diagrams
2545;class-diagram
2546;cobol
2547;sql-like
2548;extjs
2549;business-logic
2550;code-migration
2551;sql-types
2552;dataset-designer
2553;view-source-chart
2554;shell32
2555;windows-server
2556;iis-modules
2557;godi
2558;sqlcompare
2559;reverse
2560;llblgenpro
2561;d
2562;rsa
2563;blowfish
2564;des
2565;publicdomain
2566;interactive
2567;native
2568;core-animation
2569;concatenation
2570;using
2571;jbossmq
2572;google-docs
2573;gnu
2574;google-cloud-datastore
2575;gql
2576;list-comprehension
2577;generator
2578;sqlalchemy
2579;authkit
2580;option
2581;html-compression
2582;magic-numbers
2583;code-signing
2584;egg
2585;duck-typing
2586;mingw
2587;compiler-errors
2588;gpl
2589;lgpl
2590;try-catch-finally
2591;cisco
2592;glade
2593;gtk2
2594;postmortem-debugging
2595;jmf
2596;distro
2597;datagridview
2598;social-networking
2599;eclipse-cdt
2600;heuristics
2601;tweak
2602;citrix
2603;php-safe-mode
2604;dos2unix
2605;raii
2606;scopeguard
2607;anonymous-types
2608;file-copying
2609;focus
2610;tinymce
2611;renderpartial
2612;browser-history
2613;webservice-client
2614;type-systems
2615;gadt
2616;splash-screen
2617;callback
2618;hotkeys
2619;composition
2620;aggregation
2621;sqldmo
2622;sizeof
2623;ledit
2624;visual-studio-addins
2625;cout
2626;cpu-registers
2627;floating-point-precision
2628;embedded-language
2629;jsp-tags
2630;cryptoapi
2631;custom-tag
2632;application-settings
2633;string-parsing
2634;prism
2635;cal
2636;cag
2637;hql
2638;tokenize
2639;cut
2640;animationextender
2641;interface-builder
2642;visual-inheritance
2643;bouncycastle
2644;gitignore
2645;bugzilla
2646;ingres
2647;bounds-checker
2648;scriptaculous
2649;cappuccino
2650;objective-j
2651;upgrade
2652;undo
2653;key-value
2654;dasblog
2655;union-all
2656;numpy
2657;dynamic-analysis
2658;scheduling
2659;metabase
2660;io-redirection
2661;jquery-ui
2662;equality
2663;symmetric-key
2664;key-storage
2665;shared-libraries
2666;navision
2667;atl
2668;scala
2669;wsh
2670;whois
2671;positioning
2672;jagged-arrays
2673;autolayout
2674;uikit
2675;uitextview
2676;custom-controls
2677;array-initialize
2678;selectedindex
2679;mongodb
2680;ndis
2681;asterisk
2682;shockwave
2683;session-state
2684;apc
2685;hard-drive
2686;drupal-5
2687;preprocessor
2688;message-passing
2689;average
2690;weak-references
2691;isapi-rewrite
2692;sparse-checkout
2693;xml-literals
2694;ui-guidelines
2695;aggregate
2696;pci-dss
2697;spartan
2698;custom-draw
2699;plagiarism-detection
2700;perl-data-structures
2701;mysql-parameter
2702;high-availability
2703;htmlbridge
2704;ppp
2705;logarithm
2706;xmldatasource
2707;unmanaged
2708;sequence
2709;perl-critic
2710;relative-path
2711;absolute-path
2712;currency
2713;mime-types
2714;project-planning
2715;xml-rpc
2716;communication
2717;file-descriptor
2718;haxe
2719;xml-documentation
2720;mappoint
2721;visual-studio-extensions
2722;typeloadexception
2723;filenames
2724;isolation-level
2725;read-committed-snapshot
2726;webos
2727;pivot-table
2728;nsis
2729;runtime
2730;virtual-serial-port
2731;refresh
2732;sysdba
2733;itunes
2734;sdk
2735;tablet-pc
2736;log4cpp
2737;intersection
2738;bind
2739;desktop-application
2740;comma-operator
2741;pgo
2742;svk
2743;dhtml
2744;windbg
2745;remote-debugging
2746;css-tables
2747;google-reader
2748;workitem
2749;emma
2750;solution
2751;paypal
2752;recursive-query
2753;administrator
2754;long-lines
2755;frame-rate
2756;substring
2757;on-disk
2758;ndoc
2759;python-datamodel
2760;zend-server
2761;datatrigger
2762;data-access-layer
2763;decode
2764;wcsf
2765;ipv6
2766;jython
2767;cpython
2768;appsettings
2769;system.configuration
2770;finder
2771;domain-name
2772;amazon-simpledb
2773;html-encode
2774;simulation
2775;winfor
2776;ms
2777;compiler-optimization
2778;sspi
2779;xpsdocument
2780;eval
2781;xsl-fo
2782;metric
2783;suo
2784;mms
2785;recommendation-engine
2786;security-roles
2787;vim-registers
2788;distinct
2789;submission
2790;java1.4
2791;jcombobox
2792;dd
2793;parallel-io
2794;ajaxcontroltoolkit
2795;roi
2796;pasteboard
2797;microsoft.mshtml
2798;polling
2799;levenshtein-distance
2800;edit-distance
2801;plc
2802;modbus
2803;new-style-class
2804;arraylist
2805;xmlspy
2806;data-visualization
2807;chatbot
2808;error-suppression
2809;coderush
2810;regexbuddy
2811;external-application
2812;sql-server-mobile
2813;vistadb
2814;fastcgi
2815;sqlplus
2816;kill
2817;carchive
2818;build.xml
2819;technical-debt
2820;application-blocks
2821;ignore
2822;html-email
2823;crash-reports
2824;web-config
2825;private-methods
2826;aes
2827;canvas
2828;schedule
2829;git-gc
2830;performancecounter
2831;rename
2832;mvvm
2833;acid
2834;mstdc
2835;insert-id
2836;const
2837;readonly
2838;tiles
2839;standby
2840;hypotenuse
2841;icloneable
2842;roles
2843;popularity
2844;startup
2845;aspnet-compiler
2846;dabo
2847;reversing
2848;wmp
2849;name-decoration
2850;cross-join
2851;ergonomics
2852;transaction-log
2853;loaderlock
2854;reboot
2855;shuffle
2856;windows-xp-embedded
2857;html-table
2858;ntfs
2859;windows-update
2860;rmi
2861;modularity
2862;birt
2863;brownfield
2864;initialization
2865;sqlclr
2866;uidatepicker
2867;cab
2868;solid-principles
2869;design-principles
2870;liskov-substitution-principle
2871;static-typing
2872;form-control
2873;virtual-drive
2874;tempdir
2875;midlet
2876;rounding-error
2877;easymock
2878;anonymous-inner-class
2879;explicit
2880;sample
2881;cardspace
2882;corporate
2883;webmethods
2884;.net-framework-version
2885;anti-join
2886;epg
2887;readdirectorychangesw
2888;jacl
2889;sync
2890;obout
2891;x509
2892;indexed
2893;materialized
2894;xmlhttprequest
2895;camera
2896;traversal
2897;depth-first-search
2898;breadth-first-search
2899;gallio
2900;sourcegear-vault
2901;version-control-migration
2902;forwarding
2903;dropdownextender
2904;ldap
2905;qfe
2906;as
2907;p.net
2908;continue
2909;data-retrieval
2910;wildcard-mapping
2911;system-administration
2912;tostring
2913;base
2914;stylecop
2915;.net-3.0
2916;ws-eventing
2917;spreadsheet
2918;ssd
2919;usb-flash-drive
2920;emc
2921;structuremap
2922;system.diagnostics
2923;glibc
2924;getaddrinfo-a
2925;httpcontext
2926;servercontrols
2927;screenshot
2928;pagerank
2929;event-log
2930;eventlog-source
2931;indexer
2932;criteria
2933;doxygen
2934;docstring
2935;python-sphinx
2936;arcgis
2937;arcgis-js-api
2938;photography
2939;xcopy
2940;image-capture
2941;dvd-burning
2942;sharedservicesprovider
2943;editing
2944;vim-syntax-highlighting
2945;precompiled-headers
2946;breakpoints
2947;visualvm
2948;cascade
2949;itemlistener
2950;interface-segregation-principle
2951;open-closed-principle
2952;javascript-debugger
2953;activescaffold
2954;printdocument
2955;tooltip
2956;postmessage
2957;ehcache
2958;vertical-alignment
2959;stocks
2960;trading
2961;g++
2962;wildcard-subdomain
2963;cfc
2964;pex
2965;the-little-schemer
2966;buffer-overflow
2967;buffer-overrun
2968;anonymous-methods
2969;screen-recording
2970;lotus-domino
2971;lotus
2972;lotusscript
2973;corrupt
2974;kiosk
2975;dump
2976;selectedvalue
2977;egovernment
2978;server-variables
2979;bitmapeffect
2980;member-function-pointers
2981;javasound
2982;sharpdevelop
2983;vps
2984;capacity-planning
2985;mysql-error-1451
2986;xmldataprovider
2987;git-commit
2988;hta
2989;customization
2990;function-pointers
2991;zedgraph
2992;smooth
2993;linegraph
2994;deterministic
2995;pimpl-idiom
2996;sam
2997;httpmodule
2998;jar
2999;classloader
3000;amd-processor
3001;curl-language
3002;linq-to-nhibernate
3003;hyperterminal
3004;inline-functions
3005;aquamacs
3006;sqlconnection
3007;sqlcommand
3008;pull
3009;stdout
3010;static-block
3011;jtds
3012;git-branch
3013;photo
3014;inline-assembly
3015;setuid
3016;expression-blend
3017;section508
3018;testing-strategies
3019;directive
3020;rollover
3021;template-engine
3022;xpcom
3023;metaprogramming
3024;relational
3025;object-oriented-database
3026;discover
3027;with-statement
3028;mod-python
3029;aspell
3030;multiple-return-values
3031;skype
3032;diskimage
3033;syntax-highlighting
3034;gets
3035;zbuffer
3036;uninstall
3037;xbox
3038;database-testing
3039;wrapper
3040;sum
3041;accounting
3042;power-management
3043;wse2.0
3044;find
3045;transformation
3046;altova
3047;qr-code
3048;code-golf
3049;data-migration
3050;global.asa
3051;timage
3052;fibplus
3053;resolution
3054;mnesia
3055;tfs-workitem
3056;assemblyinfo
3057;lighttpd
3058;portal
3059;xaf
3060;urlrequest
3061;centos
3062;tcplistener
3063;nokia
3064;java-wireless-toolkit
3065;principles
3066;dependency-inversion
3067;laconica
3068;alphablending
3069;compositing
3070;spring-webflow
3071;spring-el
3072;castle-dynamicproxy
3073;boost-serialization
3074;rcf
3075;binary-semaphore
3076;prompt
3077;cognos
3078;cas
3079;pool
3080;socketexception
3081;manpage
3082;misra
3083;notimplementedexception
3084;bytearray
3085;primary-key
3086;sunone
3087;gnu-screen
3088;managed
3089;slime
3090;template-meta-programming
3091;wmf
3092;dhcp
3093;filesplitting
3094;cakephp-1.2
3095;hash-code-uniqueness
3096;hash-function
3097;downgrade
3098;jscript.net
3099;autoproxy
3100;yahoo
3101;quickcheck
3102;query-optimization
3103;global-asax
3104;onstart
3105;cube
3106;cascade-filtering
3107;wma
3108;file-sharing
3109;jquery-ui-dialog
3110;jquery-ui-plugins
3111;copy-paste
3112;openfire
3113;commenting
3114;plone
3115;cfquery
3116;cfqueryparam
3117;parallels
3118;nntp
3119;timedelay
3120;guile
3121;bluetooth
3122;neural-network
3123;iis-5
3124;scientific-notation
3125;language-implementation
3126;os-dependent
3127;zend-pdf
3128;toplink
3129;restful-authentication
3130;character-set
3131;exc-bad-access
3132;postfix-mta
3133;mta
3134;arrows
3135;akamai
3136;gcj
3137;noborder
3138;variadic-macros
3139;querying
3140;spaces
3141;psd
3142;doc
3143;server-core
3144;fft
3145;pitch-tracking
3146;stateserver
3147;modal-dialog
3148;interprocess
3149;interaction
3150;metaclass
3151;nsautoreleasepool
3152;foundationkit
3153;xmlreader
3154;maxstringcontentlength
3155;invalid-characters
3156;cluster-analysis
3157;jscompress
3158;monodevelop
3159;eclipse-pdt
3160;advanceddatagrid
3161;datareader
3162;animated-gif
3163;snmp
3164;oid
3165;cisco-ios
3166;comctl32
3167;vbo
3168;transform
3169;param
3170;auto-update
3171;google-chrome-devtools
3172;multipartform-data
3173;front-controller
3174;midp
3175;lcdui
3176;mobile-safari
3177;clojure
3178;wget
3179;qtkit
3180;mailman
3181;industrial
3182;edi
3183;x12
3184;owl
3185;ontology
3186;gobject
3187;cdata
3188;credit-card
3189;sign
3190;hostname
3191;boost-python
3192;core-data
3193;axacropdf
3194;smart-pointers
3195;mysql-error-2006
3196;client-side-scripting
3197;printdialog
3198;pyglet
3199;zipinputstream
3200;zipoutputstream
3201;sql-server-agent
3202;google-checkout
3203;sed
3204;character
3205;rules
3206;red5
3207;mtj
3208;eclipseme
3209;css-position
3210;deepzoom
3211;python-import
3212;oracle10g
3213;rman
3214;mencoder
3215;github
3216;git-clone
3217;remote-branch
3218;syslog
3219;delete-file
3220;file-exists
3221;linkage
3222;extern-c
3223;resourcebundle
3224;blogengine.net
3225;external
3226;xulrunner
3227;global-variables
3228;self
3229;id3
3230;dry
3231;spinner
3232;equivalence
3233;language-interoperability
3234;type-slicing
3235;libxml2
3236;candidate
3237;proxy-classes
3238;fluent
3239;center
3240;text-align
3241;ejb-2.x
3242;python-internals
3243;class-variables
3244;enter
3245;defaultbutton
3246;pressed
3247;extract
3248;credentials
3249;firephp
3250;infinite-loop
3251;rave-reports
3252;mit-scratch
3253;cs3
3254;processor
3255;highlighting
3256;hit-highlighting
3257;chunked-encoding
3258;symbol-table
3259;database-schema
3260;saas
3261;web-parts
3262;business-objects
3263;thrift
3264;zend-debugger
3265;textselection
3266;after-effects
3267;saxon
3268;gnuplot
3269;read-eval-print-loop
3270;virtual-ip-address
3271;kvm
3272;qemu
3273;type-theory
3274;shopping-cart
3275;astoria
3276;ssds
3277;precision
3278;dbus
3279;hal
3280;oracle-sqldeveloper
3281;factory-pattern
3282;system-calls
3283;lcd
3284;state-machine
3285;hidden-markov-models
3286;markov-models
3287;cross-language
3288;wicket
3289;aac
3290;m4a
3291;soft-delete
3292;maildir
3293;postal-code
3294;declaration
3295;meta-inf
3296;inner-classes
3297;static-classes
3298;zlib
3299;connector
3300;quicksort
3301;access-vba
3302;jruby
3303;rubinius
3304;yarv
3305;linked-server
3306;cross-server
3307;getter-setter
3308;tlbexp
3309;iso
3310;python-2.7
3311;scenarios
3312;cultureinfo
3313;regioninfo
3314;xll
3315;psycopg2
3316;syntax-checking
3317;ads
3318;arithmetic-expressions
3319;rmagick
3320;model-driven-development
3321;mdsd
3322;input
3323;scsi
3324;richfaces
3325;ejbql
3326;stingray
3327;output
3328;verbosity
3329;web-deployment
3330;shoutcast
3331;mixer
3332;typo3
3333;datagridviewcheckboxcell
3334;brew-framework
3335;brewmp
3336;measurement
3337;transmission
3338;agile-processes
3339;jedit
3340;voting
3341;vdi
3342;ocsp
3343;hyperion
3344;essbase
3345;strawberry-perl
3346;public-method
3347;topology
3348;selenium-rc
3349;u2
3350;universe
3351;spring-mvc
3352;sidebar
3353;siebel
3354;lighting
3355;white
3356;chartfx
3357;ultrawingrid
3358;tap
3359;contains
3360;digg
3361;dataflow
3362;wchar-t
3363;bstr
3364;summary
3365;rsrc
3366;ora-00933
3367;webdriver
3368;mocha
3369;asn.1
3370;schannel
3371;biztalk-2006
3372;viewport
3373;opengl-es
3374;capitalization
3375;mod-alias
3376;volatile
3377;distribution
3378;import-from-excel
3379;business-process-management
3380;scanf
3381;anti-patterns
3382;visual-c++-2005
3383;capitalize
3384;real-time
3385;rm
3386;xinclude
3387;izpack
3388;jetty
3389;multiple-columns
3390;jdbc
3391;officedev
3392;powerpc
3393;sqlncli
3394;glyph
3395;pywin32
3396;policy-injection
3397;pthreads
3398;sites
3399;iqueryable
3400;gateway
3401;trim
3402;siteminder
3403;termination
3404;operator-overloading
3405;onchange
3406;autopostback
3407;dual-table
3408;partial-views
3409;rpm
3410;response
3411;border
3412;foaf
3413;embedded-control
3414;restart
3415;wrappanel
3416;backend
3417;paint
3418;sql-convert
3419;proof
3420;imagemap
3421;game-loop
3422;7zip
3423;tfs-code-review
3424;gettime
3425;cifs
3426;ram
3427;window
3428;windows-explorer
3429;system-tray
3430;systray
3431;erb
3432;eruby
3433;error-reporting
3434;svn-externals
3435;lossy-compression
3436;wsdl2java
3437;xbap
3438;punbb
3439;google-custom-search
3440;chroot
3441;char
3442;ml
3443;mouse-cursor
3444;sql-order-by
3445;using-statement
3446;sablecc
3447;wininet
3448;value-objects
3449;entityobject
3450;mod-deflate
3451;content-encoding
3452;autosize
3453;admin-rights
3454;el
3455;normal-distribution
3456;zfs
3457;dbase
3458;dock
3459;docking
3460;appbar
3461;tomcat6
3462;tomcat5.5
3463;dreamweaver
3464;database-integrity
3465;rootfs
3466;image-comparison
3467;record
3468;full-trust
3469;progress-bar
3470;gamma
3471;inbound
3472;photogrammetry
3473;reverseprojection
3474;prototype
3475;hammer
3476;reflection.emit
3477;gdata-api
3478;google-calendar-api
3479;php4
3480;delegation
3481;adodb-php
3482;penetration-testing
3483;xml-namespaces
3484;groupbox
3485;evc
3486;diffie-hellman
3487;cups
3488;framebuffer
3489;bounding-box
3490;dirtyrectangle
3491;exim
3492;computer-vision
3493;web2py
3494;new-operator
3495;sqlexception
3496;swfobject
3497;edit
3498;traceroute
3499;flicker
3500;doublebuffered
3501;qt4
3502;google-visualization
3503;scatter
3504;ksoap
3505;blazeds
3506;point
3507;z-index
3508;load-testing
3509;registration
3510;color-picker
3511;r
3512;dataframe
3513;vector
3514;sorted
3515;z80
3516;sinclair
3517;zxspectrum
3518;user-accounts
3519;sco-unix
3520;regression-testing
3521;c64
3522;mshtml
3523;signed-applet
3524;drupal-views
3525;cck
3526;fogbugz-on-demand
3527;bugzscout
3528;phpundercontrol
3529;clipping
3530;logrotate
3531;passphrase
3532;sbcl
3533;ltk
3534;undef
3535;touchscreen
3536;umbraco
3537;mod-perl
3538;mod-php
3539;const-correctness
3540;core-graphics
3541;two-connection-limit
3542;delphi-2009
3543;atomic
3544;lock-free
3545;ini-set
3546;hp-ux
3547;mode
3548;fedora
3549;php-gtk
3550;reportlab
3551;amf
3552;mesh
3553;smartphone
3554;platform-builder
3555;elevation
3556;code-translation
3557;multicast
3558;snapshot
3559;nhibernate-mapping
3560;vsta
3561;certificate
3562;postscript
3563;typeof
3564;outlook-2003
3565;mailitem
3566;oracle11g
3567;provider
3568;griffon
3569;darwin
3570;non-lazy-ptr
3571;nvidia
3572;generic-constraints
3573;macos-sierra
3574;container-file
3575;git-svn
3576;sql-execution-plan
3577;skip
3578;moose
3579;ports
3580;scheduler
3581;designer
3582;passenger
3583;stomp
3584;generative-programming
3585;screen
3586;mask
3587;fixed-point
3588;side-effects
3589;vxworks
3590;rtos
3591;hp-quality-center
3592;localhost
3593;console-scraping
3594;localtime
3595;bigtable
3596;dynamic-memory-allocation
3597;68000
3598;awtrobot
3599;datagram
3600;x-sendfile
3601;btrieve
3602;alt.net
3603;desktop-wallpaper
3604;poppler
3605;packet-capture
3606;spam-prevention
3607;gtk#
3608;near-real-time
3609;future
3610;add
3611;stylus-pen
3612;dynamics-crm-4
3613;method-invocation
3614;twisted
3615;identity-operator
3616;custom-url-protocol
3617;telnet
3618;phantom-reference
3619;code-duplication
3620;hibernate-tools
3621;glassfish
3622;jax-rs
3623;logparser
3624;ln
3625;comadmin
3626;java-metro-framework
3627;mtom
3628;xforms
3629;tool-rec
3630;atexit
3631;mdb2
3632;hosts
3633;firefox-3
3634;activestate
3635;restructuredtext
3636;uberjar
3637;case-sensitive
3638;spool
3639;eager
3640;routed-events
3641;user-environment
3642;duplication
3643;wordpress.com
3644;bgp
3645;ospf
3646;svn-administraton
3647;.nettiers
3648;type-mismatch
3649;file-transfer
3650;ftps
3651;squeak
3652;visualworks
3653;aac+
3654;probability
3655;packets
3656;remoteobject
3657;qdialog
3658;pg-dump
3659;task-tracking
3660;threadpool
3661;vfw
3662;color-channel
3663;safety-critical
3664;c++11
3665;google-toolbar
3666;bittorrent
3667;request.form
3668;ora-06512
3669;pyqt
3670;sudo
3671;permission-denied
3672;wmv
3673;motif
3674;width
3675;actualwidth
3676;attachment
3677;textmatching
3678;intel
3679;transactional-memory
3680;window-managers
3681;tiling
3682;dnspython
3683;odp.net
3684;mru
3685;backgroundworker
3686;word-2007
3687;maskededitextender
3688;ironspeed
3689;tint
3690;yahoo-pipes
3691;cd-burning
3692;concrete-syntax-tree
3693;oracleexception
3694;database-partitioning
3695;xmlbeans
3696;sony
3697;mysqldump
3698;rhel
3699;true-type-fonts
3700;google-api
3701;google-authentication
3702;authsub
3703;np-complete
3704;startupscript
3705;effects
3706;single-responsibility-principle
3707;interrupt
3708;adhoc-queries
3709;php-5.3
3710;php-5.2
3711;video-capture
3712;get
3713;branding
3714;polygon
3715;distance
3716;service-factory
3717;trac
3718;worker-process
3719;relativesource
3720;listings
3721;perldoc
3722;exists
3723;excel-2003
3724;worksheet
3725;base-conversion
3726;manifest.mf
3727;adsi
3728;projection
3729;ada
3730;rxtx
3731;tabbed-document-interface
3732;robust
3733;hierarchical-clustering
3734;toolstripbutton
3735;toolstripitem
3736;ems
3737;jdedwards
3738;rightfax
3739;conditional-formatting
3740;xml-spreadsheet
3741;enterprise-manager
3742;updates
3743;auto-increment
3744;jtable
3745;path-finding
3746;a-star
3747;pathfinder
3748;syntactic-sugar
3749;al.exe
3750;jconsole
3751;delaunay
3752;history
3753;richedit
3754;mvcroutehandler
3755;fixed
3756;opensocial
3757;teechart
3758;tiddlywiki
3759;sass
3760;aero
3761;polyglot
3762;facelets
3763;san
3764;tapi
3765;analysis
3766;hibernate-search
3767;unc
3768;corruption
3769;ajax.net
3770;permalinks
3771;sql-loader
3772;controlfile
3773;xla
3774;selectedindexchanged
3775;wordpress-theming
3776;urlconnection
3777;connectexception
3778;geolocation
3779;raster
3780;unpivot
3781;cad
3782;mathml
3783;html4
3784;jce
3785;jsse
3786;selectall
3787;sequence-diagram
3788;blindness
3789;dotnetnuke-module
3790;webrequest
3791;webresponse
3792;slackware
3793;audio-analysis
3794;parent-child
3795;xml-attribute
3796;tree-traversal
3797;linearization
3798;visual-assist
3799;viemu
3800;libreoffice
3801;datarepeater
3802;powerpoint-vba
3803;large-data-volumes
3804;identity-column
3805;pagertemplate
3806;jdb
3807;scripting-language
3808;ogre3d
3809;squirrel
3810;aio
3811;speech
3812;code-by-voice
3813;unmodifiable
3814;baml
3815;setup-project
3816;mercurial-hook
3817;raiserror
3818;twitter
3819;microblogging
3820;java-6
3821;permgen
3822;app-code
3823;coldfusion-8
3824;seaside
3825;redirectwithcookies
3826;converter
3827;aiml
3828;framework-caching
3829;libvirt
3830;migrate
3831;drupal-6
3832;throw
3833;specifier
3834;notificationservices
3835;wireframe
3836;finite-automata
3837;discrete-mathematics
